{
"mégrine, ben arous, tunisia": [
36.7703354,
10.2315885
],
"hammamet, nabeul, tunisia": [
36.4012665,
10.5572827
],
"mghira, ben arous, tunisia": [
36.70647,
10.1748521
],
"kairouan, tunisia": [
35.6710101,
10.10062
],
"mateur, bizerte, tunisia": [
37.0385985,
9.6676974
],
"el fejja, manouba, tunisia": [
36.6894636,
9.9493159
],
"ksar hellal, monastir, tunisia": [
35.6443898,
10.8891403
],
"bizerte, tunisia": [
37.2720905,
9.8708565
],
"sousse, tunisia": [
35.8288284,
10.6405254
],
"fahs, tunisia": [
36.2697603,
9.8423429
],
"mjez el bab, beja, tunisia": [
36.6503541,
9.608686
],
"beja, tunisia": [
36.7236755,
9.185382
],
"bsa corporation ltd, tunisia": null,
"beni khalled, nabeul, tunisia": [
36.6250666,
10.6352796
],
"bouarada, siliana, tunisia": [
36.351596,
9.630012
],
"chakira cable, tunisia": null,
"cmr, tunisia": [
37.1581655,
9.8068451
],
"coficab international, tunisia": null,
"el agba, tunis, tunisia": [
36.795295,
10.0973912
],
"el fahs, zaghouan, tunisia": [
36.2697603,
9.8423429
],
"fercon, tunisia": null,
"general cab medlectric, tunisia": null,
"gebauer & griller kabelwerke, tunisia": null,
"hammam lif, ben arous, tunisia": [
36.7313788,
10.3363985
],
"hammam zriba, zaghouan, tunisia": [
36.3512115,
10.207921
],
"i d a c o, tunisia": null,
"kab-lem, tunisia": null,
"kilowatt international, tunisia": null,
"kalaa kebira, sousse, tunisia": [
35.8684561,
10.4532999
],
"kromberg & schubert cable&wire, tunisia": null,
"menzel hayet, monastir, tunisia": [
35.520472,
10.6275988
],
"monastir, tunisia": [
35.7707582,
10.8280511
],
"motherson sumi systems limited, tunisia": null,
"nursan kablo donanimlari san v, tunisia": null,
"nadhour, zaghouan, tunisia": [
36.1117279,
9.9897638
],
"relais et automatismes indust, tunisia": null,
"ricot sarl, tunisia": null,
"sidelec, tunisia": null,
"sofilec, tunisia": null,
"ste pec pws, tunisia": null,
"ste s.c.e.e.t, tunisia": null,
"soliman, nabeul, tunisia": [
36.6944327,
10.4865924
],
"tis circuits, tunisia": null,
"tunis, tunisia": [
36.8002068,
10.1857757
],
"zaghouan, tunisia": [
36.3319504,
10.0453
],
"bouarada, tunisia": [
36.351596,
9.630012
],
"grombalia, nabeul, tunisia": [
36.5984231,
10.4990402
],
"mejez el bab, beja, tunisia": [
36.6657253,
9.6065106
],
"jendouba, tunisia": [
36.6779726,
8.752647
],
"sidi abdelhamid, sousse, tunisia": [
35.7963519,
10.6575205
],
"siliana, tunisia": [
35.9715323,
9.3577129
]
}